symbol,passed,close,rule_1_weekly_close_gt_weekly_sma20,rule_2_pullback_ge_3pct,rule_3_pullback_le_15pct,rule_4_new_10d_closing_high,rule_5_breakout_ge_5pct,rule_6_breakout_le_20pct,rule_7_strong_close_small_wick,rule_8_macd_line_gt_signal,rule_9_recent_macd_cross,rule_10_volume_surge_1.3x,rule_16_atr_pct_le_8,pullback_pct,atr_pct_of_close,stop_loss_10pct,sma10_exit_level,sma10_already_broken,rule_11_roe_ge_10pct,rule_12_roce_ge_10pct,rule_13_net_sales_gt_0,rule_14_net_profit_gt_0,rule_15_operating_margin_ge_10pct,roe_pct,roce_pct,operating_margin_pct
ABBV,False,265.76,True,True,True,False,False,True,True,False,True,False,True,3.4,1.99,239.18,263.94,False,False,True,True,True,True,-71.2,16.1,37.9
ABNB,False,164.07,True,True,True,True,False,True,False,True,True,False,True,4.6,3.14,147.66,158.09,False,True,True,True,True,True,32.2,23.9,21.0
ABT,False,100.1,False,True,True,False,False,True,True,False,True,True,True,6.8,2.37,90.09,100.46,True,True,False,True,True,True,12.5,8.7,12.0
ACN,False,195.05,True,True,True,False,False,True,False,True,True,False,True,14.9,4.96,175.55,186.2,False,True,True,True,True,True,24.1,21.7,17.0
ADBE,False,238.79,False,True,True,False,False,True,False,False,True,False,True,7.5,3.73,214.91,237.52,False,True,True,True,True,True,60.6,48.1,34.8
ADI,False,419.1,True,False,True,True,False,True,True,True,False,False,True,2.9,2.67,377.19,398.3,False,False,False,True,True,True,6.8,6.9,102.6
ADSK,False,221.56,False,False,True,True,False,True,False,True,True,True,True,1.7,3.81,199.4,212.18,False,True,True,True,True,True,33.2,24.8,29.3
AEE,False,99.7,False,True,True,False,False,True,False,True,True,False,True,3.1,1.53,89.73,99.83,True,False,False,True,True,True,3.8,4.4,21.9
AEP,False,119.73,False,False,True,False,False,True,False,True,True,False,True,2.6,1.68,107.76,118.98,False,False,False,True,True,True,4.7,5.1,22.6
AKAM,False,107.99,False,True,False,False,False,True,False,False,True,False,True,17.3,5.69,97.19,110.88,True,False,False,True,True,True,9.5,4.6,12.0
ALB,False,104.37,False,True,True,False,False,True,False,False,True,False,True,11.9,4.2,93.93,108.3,True,False,False,True,True,True,-5.0,-2.6,26.0
ALGN,False,140.65,False,True,True,False,False,True,False,True,True,True,True,10.2,3.31,126.58,145.8,True,False,True,True,True,True,9.7,12.1,122.3
ALLE,False,153.67,True,True,True,False,False,True,False,True,True,False,True,3.5,2.11,138.3,154.17,True,True,True,True,True,True,48.8,18.8,22.1
ALNY,False,219.89,False,True,False,False,False,True,False,False,True,False,True,16.3,4.65,197.9,243.07,True,True,True,True,True,True,23.2,12.4,87.6
AMAT,False,542.28,True,False,True,True,False,True,False,True,True,False,True,2.5,3.51,488.05,502.79,False,True,True,True,True,True,27.3,25.0,59.6
AMD,False,631.75,True,True,True,False,False,True,False,True,False,False,True,3.9,3.72,568.58,620.69,False,False,False,True,True,True,6.4,5.1,125.6
AME,False,251.92,True,False,True,False,False,True,False,True,True,False,True,1.5,2.0,226.73,249.35,False,True,True,True,True,True,13.1,13.7,25.8
AMGN,False,402.98,True,True,True,False,False,True,True,True,True,False,True,6.9,2.5,362.68,411.36,True,True,True,True,True,True,66.0,12.9,53.8
AMT,False,162.26,False,True,True,False,False,True,False,False,True,False,True,9.5,2.35,146.03,166.69,True,True,False,True,True,True,45.4,8.9,46.2
AMZN,False,251.4,False,True,True,False,False,True,False,True,True,False,True,3.6,2.2,226.26,249.64,False,True,False,True,True,True,14.1,9.4,13.7
ANET,False,206.9,True,True,True,False,False,True,False,True,True,False,True,3.5,3.23,186.21,205.1,False,True,True,True,True,True,23.7,22.8,45.4
AON,False,272.05,False,True,True,False,False,True,True,False,True,False,True,10.6,2.78,244.84,276.4,True,True,True,True,True,True,38.5,16.6,28.4
AOS,False,56.97,False,True,True,False,False,True,True,True,True,True,True,5.7,2.33,51.27,57.54,True,True,True,True,True,True,29.7,26.3,16.5
APD,False,279.45,False,True,True,False,False,True,False,False,True,False,True,5.1,2.13,251.51,280.76,True,False,False,True,False,False,-2.8,-2.4,-66.3
APH,False,87.27,True,False,True,True,False,True,False,True,True,False,True,1.6,3.04,78.54,84.54,False,True,True,True,True,True,27.6,16.6,130.4
APP,False,281.97,False,True,False,False,True,True,True,False,True,False,True,19.9,5.64,253.77,300.3,True,True,True,True,True,True,105.4,59.2,247.4
APTV,False,43.89,False,True,True,False,False,True,False,True,False,False,True,4.4,3.24,39.5,43.96,True,False,False,True,True,True,1.9,7.9,11.2
ATO,False,158.05,False,False,True,True,False,True,False,True,True,False,True,2.7,1.41,142.25,156.99,False,False,False,True,True,True,7.9,5.2,36.4
AVGO,False,362.51,False,False,True,False,False,True,True,True,True,False,True,2.8,2.96,326.26,353.99,False,True,True,True,True,True,23.6,15.2,315.1
AWK,False,127.84,False,True,True,False,False,True,True,False,True,False,True,6.4,2.09,115.06,130.35,True,False,False,True,True,True,9.5,5.7,69.3
AXON,False,411.81,False,True,True,False,False,True,False,False,True,False,True,11.7,5.26,370.63,429.93,True,False,False,True,True,False,3.4,-1.0,5.2
AZO,False,2807.73,False,True,True,False,False,True,True,False,True,False,True,9.0,2.92,2526.96,2851.0,True,False,True,True,True,True,-89.7,33.2,19.1
BA,False,192.72,False,True,True,False,False,True,True,False,True,False,True,6.2,3.26,173.45,192.92,True,True,False,True,False,False,36.6,7.6,0.6
BALL,False,57.11,False,True,True,False,False,True,True,False,True,False,True,8.7,2.22,51.4,57.21,True,False,False,True,True,False,7.7,9.2,6.3
BAX,False,24.22,True,True,True,True,False,True,True,True,True,True,True,4.4,3.02,21.8,23.63,False,False,False,True,True,False,-15.4,-1.9,7.3
BBY,False,87.39,True,True,True,False,False,True,True,False,True,True,True,10.8,3.3,78.65,89.71,True,True,True,True,True,False,33.6,19.4,4.8
BDX,False,180.67,True,True,True,False,False,True,True,False,True,False,True,4.5,2.13,162.6,180.89,True,False,False,True,True,True,6.9,6.2,13.3
BEN,False,32.88,False,True,True,False,False,True,False,False,True,False,True,4.4,2.42,29.59,32.71,False,False,False,True,True,True,4.5,1.7,18.2
BF-B,False,26.27,False,True,True,False,False,True,True,True,True,True,True,4.4,2.65,23.64,26.19,False,True,True,True,True,True,18.0,15.1,27.7
BIIB,False,223.59,True,True,True,False,False,True,True,False,True,False,True,5.3,2.45,201.23,225.48,True,False,True,True,True,True,8.7,10.7,24.6
BKNG,False,158.33,False,True,True,False,False,True,True,True,True,False,True,11.1,3.75,142.5,160.82,True,False,True,True,True,True,-2.7,102.5,34.0
BKR,False,57.38,False,True,True,False,False,True,True,False,True,True,True,4.6,2.84,51.64,56.73,False,True,False,True,True,True,13.0,8.1,13.8
BLDR,False,55.63,False,True,True,False,False,True,False,True,True,True,True,10.3,4.57,50.07,57.93,True,True,False,True,False,False,10.9,8.3,3.3
BR,False,159.08,False,True,True,False,False,True,True,False,True,False,True,6.7,2.5,143.17,161.5,True,True,True,True,True,True,39.6,17.3,33.5
CAH,False,233.12,True,True,True,True,False,True,True,True,True,False,True,3.1,2.46,209.81,224.44,False,False,True,True,True,False,-59.5,19.5,1.1
CARR,False,55.73,False,True,True,False,False,True,True,True,True,False,True,4.3,2.77,50.16,55.38,False,True,False,True,True,False,55.0,7.6,4.8
CAT,False,848.14,False,True,True,True,False,True,False,True,False,False,True,4.3,2.86,763.33,822.42,False,True,True,True,True,True,13.9,17.8,20.9
CBOE,False,277.47,False,True,True,True,False,True,False,True,True,False,True,6.1,4.09,249.72,267.75,False,True,True,True,True,True,19.6,21.5,77.9
CBRE,False,129.4,False,True,True,False,False,True,False,False,True,False,True,11.0,3.13,116.46,132.77,True,True,False,True,True,False,13.8,9.2,3.3
CCI,False,67.58,False,True,True,False,False,True,True,False,True,False,True,11.9,2.85,60.82,67.9,True,False,True,True,True,True,6.3,11.4,46.6
CCL,False,25.56,False,False,True,False,False,True,True,True,True,False,True,2.2,3.5,23.0,23.63,False,True,True,True,True,True,19.5,11.6,38.0
CDNS,False,353.48,True,False,True,True,False,True,False,True,True,False,True,1.3,3.43,318.13,329.68,False,True,True,True,True,True,16.9,15.0,29.3
CDW,False,133.92,False,True,True,False,False,True,False,False,True,False,True,11.9,4.38,120.53,135.97,True,True,True,True,True,True,43.7,18.5,16.2
CEG,False,267.62,False,True,True,True,False,True,True,False,True,False,True,4.9,4.04,240.86,261.53,False,False,False,True,True,False,7.3,3.6,7.7
CF,False,116.02,False,True,True,False,False,True,False,False,True,False,True,10.5,3.85,104.42,116.63,True,True,True,True,True,True,26.8,16.1,50.5
CHD,False,95.66,False,False,True,False,False,True,True,True,True,False,True,2.9,1.69,86.09,95.27,False,True,True,True,True,True,16.9,13.9,18.1
CHRW,False,140.61,False,True,False,False,False,True,False,False,True,True,True,16.6,4.15,126.55,148.99,True,True,True,True,True,True,36.1,22.1,36.8
CHTR,False,107.77,False,True,False,False,False,True,True,False,True,True,True,18.9,5.38,96.99,112.57,True,True,False,True,True,True,29.4,9.1,22.6
CI,False,271.29,False,True,True,False,False,True,False,False,True,False,True,4.5,2.69,244.16,270.82,False,True,False,True,True,False,14.0,9.1,3.7
CIEN,False,389.69,False,True,True,False,False,True,False,True,True,False,True,3.4,5.52,350.72,365.09,False,False,False,True,True,True,4.0,3.0,18.0
CL,False,86.19,False,True,True,False,False,True,True,False,True,False,True,3.7,1.75,77.57,85.76,False,True,True,True,True,True,903.4,31.1,25.4
CMCSA,False,21.57,False,True,True,False,False,True,False,False,True,True,True,7.9,2.87,19.41,21.9,True,True,False,True,True,True,22.3,9.2,17.1
CME,False,270.03,True,True,True,False,False,True,True,False,True,False,True,6.3,2.27,243.03,265.81,False,True,True,True,True,True,15.4,11.8,64.9
CMG,False,30.85,False,True,True,False,False,True,True,False,True,True,True,10.5,3.88,27.77,31.99,True,True,True,True,True,True,69.8,25.6,15.7
CMI,False,523.37,False,True,True,False,False,True,False,True,True,False,True,3.9,2.74,471.03,522.14,False,False,True,True,True,True,8.1,16.1,15.4
CMS,False,64.03,False,True,True,False,False,True,False,True,True,False,True,3.1,1.64,57.63,63.37,False,True,False,True,True,True,11.0,4.6,14.4
CNC,False,64.3,False,True,True,True,False,True,True,False,True,False,True,4.0,3.35,57.87,62.43,False,False,False,True,True,False,-29.6,-18.0,2.2
CNP,False,37.75,False,False,True,False,False,True,False,True,True,False,True,2.1,1.74,33.98,37.18,False,False,False,True,True,True,9.2,5.0,22.1
COHR,False,333.64,True,True,True,False,False,True,True,True,True,False,True,3.5,6.31,300.28,304.98,False,False,False,True,True,False,7.4,0.6,7.6
COIN,False,188.22,True,True,True,False,False,True,False,False,True,False,True,11.6,6.03,169.4,192.23,True,False,False,True,False,False,9.6,7.5,-9.3
COO,False,56.77,False,True,True,False,False,True,False,True,True,False,True,3.4,3.2,51.09,56.29,False,False,False,True,True,True,4.5,6.3,33.9
COR,False,314.93,True,True,True,True,False,True,True,False,True,False,True,3.9,2.6,283.44,308.89,False,True,True,True,True,False,50.9,10.7,1.3
COST,False,923.52,False,False,True,False,False,True,False,True,True,False,True,1.8,1.66,831.17,914.03,False,True,True,True,True,False,24.2,23.4,4.0
CPAY,False,401.72,True,False,True,True,False,True,True,False,True,False,True,2.1,2.12,361.55,395.01,False,True,True,True,True,True,30.2,17.7,35.3
CPB,False,19.3,False,True,True,False,False,True,False,False,True,False,True,7.8,3.57,17.37,19.83,True,True,False,True,True,True,10.5,6.9,10.1
CPRT,False,27.65,False,True,True,False,False,True,True,False,True,True,True,8.6,3.08,24.88,27.71,True,True,True,True,True,True,24.8,17.7,97.1
CRH,False,82.65,False,True,True,False,False,True,True,False,True,False,True,9.9,2.96,74.39,83.96,True,True,True,True,True,True,15.6,11.2,19.3
CRL,False,310.77,True,False,True,True,True,True,True,True,True,True,True,2.3,3.35,279.69,292.31,False,False,False,True,False,True,-5.1,0.4,24.3
CRM,False,229.79,True,True,True,False,False,True,True,False,True,False,True,6.0,3.78,206.81,232.64,True,True,True,True,True,True,19.4,10.0,168.5
CRWD,False,272.67,True,False,True,True,False,True,False,True,False,False,True,1.9,4.05,245.4,261.99,False,False,False,True,True,False,-3.2,-3.9,-2.3
CSCO,False,112.82,False,False,True,True,False,True,True,True,True,False,True,0.6,2.26,101.54,108.16,False,True,True,True,True,True,26.4,17.4,32.1
CSGP,False,27.66,False,True,True,False,False,True,True,False,True,True,True,8.3,3.86,24.89,27.71,True,False,False,True,True,True,0.1,-0.8,27.8
CSX,False,47.43,False,False,True,True,False,True,False,True,True,False,True,1.4,1.84,42.69,46.91,False,True,True,True,True,True,34.2,11.1,48.5
CTAS,False,195.4,True,True,True,False,False,True,True,False,True,False,True,4.7,2.01,175.86,196.58,True,True,True,True,True,True,38.9,33.2,36.4
CTSH,False,58.17,True,True,True,False,False,True,False,False,True,False,True,10.8,4.02,52.35,58.09,False,True,True,True,True,True,14.8,20.0,15.6
CVNA,False,63.72,False,True,True,False,False,True,False,False,True,False,True,8.9,5.03,57.35,63.58,False,True,True,True,True,False,34.9,15.0,9.2
CVS,False,87.01,False,True,True,False,False,True,False,False,True,False,True,4.1,2.45,78.31,86.64,False,False,False,True,True,False,2.2,2.8,4.4
D,False,61.02,False,True,True,False,False,True,False,True,True,False,True,6.1,1.77,54.92,60.92,False,True,False,True,True,True,10.3,4.1,27.7
DAL,False,83.08,False,True,True,False,False,True,True,True,False,False,True,3.9,2.85,74.77,83.7,True,True,True,True,True,True,22.9,11.0,18.7
DASH,False,191.77,False,True,True,False,False,True,False,False,True,False,True,6.2,4.11,172.59,187.45,False,False,False,True,True,False,9.4,5.4,3.5
DDOG,False,276.42,True,False,True,False,False,True,False,True,False,False,True,2.4,4.15,248.77,266.52,False,False,False,True,True,False,2.5,-0.8,0.5
DECK,False,80.21,False,True,True,True,False,True,True,True,True,False,True,5.2,2.68,72.19,78.88,False,True,True,True,True,True,44.5,45.0,15.2
DELL,False,552.29,True,True,True,False,False,True,False,False,True,False,True,7.8,5.08,497.06,547.52,False,False,True,True,True,True,-416.0,18.7,11.5
DG,False,119.32,False,True,True,False,False,True,False,False,True,False,True,6.0,3.05,107.39,121.44,True,True,False,True,True,False,16.3,8.8,6.8
DGX,False,232.22,True,True,True,False,False,True,False,False,True,False,True,7.6,2.3,209.0,234.0,True,True,True,True,True,True,13.2,10.3,15.1
DIS,False,103.61,True,True,True,False,False,True,True,False,True,False,True,4.9,2.06,93.25,104.2,True,True,True,True,True,True,11.3,10.3,22.0
DLTR,False,113.19,False,True,True,False,False,True,False,True,True,True,True,5.2,3.44,101.87,113.89,True,True,True,True,True,True,37.4,15.4,14.1
DOV,False,191.3,False,False,True,False,False,True,False,True,True,False,True,2.3,2.09,172.17,189.26,False,True,True,True,True,True,14.2,12.3,22.7
DPZ,False,297.27,False,True,True,False,False,True,False,True,True,False,True,3.8,2.97,267.54,296.23,False,False,True,True,True,True,-15.1,81.2,19.4
DRI,False,199.72,False,True,True,False,False,True,True,False,True,False,True,9.0,2.67,179.75,201.71,True,True,True,True,True,False,58.3,15.8,10.0
DTE,False,125.04,False,False,True,False,False,True,False,True,True,False,True,2.9,1.82,112.54,122.87,False,True,False,True,True,True,11.9,4.7,11.0
DUK,False,113.84,False,True,True,False,False,True,False,False,True,False,True,4.0,1.37,102.46,114.04,True,False,False,True,True,True,9.1,4.9,49.1
DVA,False,178.72,False,True,True,False,False,True,False,True,True,False,True,4.7,2.84,160.85,178.19,False,False,True,True,True,True,-97.6,13.8,16.3
DVN,False,47.98,True,True,True,False,False,True,False,False,True,False,True,5.8,3.05,43.18,47.31,False,False,False,True,True,False,6.3,-4.5,4.4
DXCM,False,86.9,True,True,True,False,False,True,True,False,True,True,True,6.2,2.48,78.21,86.95,True,True,True,True,True,True,31.9,22.3,119.3
EBAY,False,107.14,False,True,True,False,False,True,False,False,True,False,True,5.9,2.99,96.43,107.21,True,True,True,True,True,True,43.5,18.9,22.8
ECL,False,277.07,True,True,True,False,False,True,True,True,True,False,True,3.7,1.95,249.36,276.25,False,True,True,True,True,True,20.6,11.4,17.2
ED,False,103.38,False,True,True,False,False,True,False,True,True,False,True,3.0,1.59,93.04,103.09,False,False,False,True,True,True,7.9,4.2,23.1
EFX,False,142.6,False,True,False,False,False,True,False,False,True,False,True,15.2,4.14,128.34,145.82,True,True,True,True,True,True,15.1,11.7,18.5
EIX,False,54.24,False,True,True,False,False,True,True,True,True,False,True,5.0,3.73,48.82,53.44,False,True,False,True,True,True,25.7,8.4,26.2
EL,False,93.3,True,True,True,False,False,True,False,False,True,False,True,7.9,3.44,83.97,94.71,True,True,False,True,True,False,17.1,5.8,6.7
ELV,False,394.51,False,True,True,False,False,True,True,False,True,False,True,6.7,2.52,355.06,393.41,False,True,False,True,True,False,12.6,8.8,3.5
EME,False,779.2,False,False,True,False,False,True,False,True,True,False,True,3.0,2.92,701.28,763.94,False,True,True,True,True,True,31.2,34.7,10.6
EOG,False,144.08,True,False,True,True,False,True,False,False,True,False,True,2.8,2.5,129.67,140.94,False,True,True,True,True,True,15.6,12.9,40.9
EQIX,False,1023.44,False,True,True,False,False,True,False,True,True,False,True,5.6,2.53,921.1,1023.92,True,False,False,True,True,True,9.4,5.0,47.6
EQT,False,51.12,False,True,True,False,False,True,True,False,True,False,True,5.3,2.79,46.01,50.32,False,False,False,True,True,True,8.1,8.2,21.8
ERIE,False,221.46,False,True,True,False,False,True,True,False,True,False,True,9.5,3.17,199.31,223.01,True,True,True,True,True,True,22.7,27.7,35.7
ES,False,64.69,False,True,True,False,False,True,False,False,True,False,True,5.0,1.9,58.22,64.36,False,False,False,True,True,True,-2.7,5.4,18.6
ETR,False,100.82,False,False,True,False,False,True,False,True,True,False,True,2.8,1.96,90.74,99.64,False,True,False,True,True,True,13.6,4.7,18.0
EVRG,False,79.09,False,False,True,False,False,True,False,True,True,False,True,1.9,1.5,71.18,78.55,False,False,False,True,True,True,8.4,5.1,22.1
EW,False,87.23,False,True,True,False,False,True,True,False,True,True,True,4.8,2.43,78.51,86.64,False,True,True,True,True,True,10.1,10.2,29.5
EXC,False,40.82,False,True,True,False,False,True,False,True,True,False,True,4.7,1.77,36.74,40.64,False,False,False,True,True,True,4.0,4.8,22.2
EXE,False,86.43,False,True,True,False,False,True,True,False,True,False,True,5.1,2.65,77.79,86.1,False,False,False,True,True,True,9.4,9.9,22.3
EXPD,False,194.12,True,False,True,True,False,True,False,True,True,False,True,1.7,2.1,174.71,188.24,False,True,True,True,True,True,38.2,40.9,19.4
EXPE,False,260.17,False,True,True,False,False,True,True,False,True,False,True,10.3,4.37,234.15,264.74,True,True,True,True,True,True,107.0,21.5,18.5
F,False,12.15,False,True,True,False,False,True,False,False,True,False,True,10.3,3.07,10.93,12.46,True,True,False,True,False,False,15.7,-5.2,5.9
FANG,False,184.08,False,True,True,False,False,True,False,False,True,True,True,4.7,2.77,165.67,185.31,True,False,False,True,True,True,4.4,2.0,45.2
FAST,False,50.69,True,False,True,False,False,True,False,True,True,False,True,2.8,1.92,45.62,50.39,False,True,True,True,True,True,30.9,37.5,21.0
FDS,False,276.44,True,True,True,False,False,True,True,False,True,False,True,9.2,4.47,248.8,271.78,False,True,True,True,True,True,29.4,23.9,48.9
FDX,False,289.13,False,True,True,False,False,True,False,False,True,False,True,6.0,2.3,260.22,288.16,False,True,False,True,True,False,14.0,6.8,7.8
FE,False,43.64,False,True,True,False,False,True,False,False,True,False,True,5.0,1.67,39.28,43.52,False,False,False,True,True,True,8.1,4.3,19.7
FFIV,False,458.53,True,False,True,True,False,True,False,True,False,False,True,2.0,2.9,412.68,447.4,False,True,True,True,True,True,18.0,15.1,24.7
FIS,False,33.58,False,True,True,False,False,True,True,False,True,False,True,10.4,3.38,30.22,33.97,True,False,False,True,True,True,2.4,5.1,15.0
FISV,False,46.14,False,True,True,False,False,True,True,False,True,False,True,7.7,3.52,41.53,45.7,False,True,True,True,True,True,12.9,10.3,19.3
FIX,False,1713.07,False,True,True,False,False,True,False,True,False,False,True,3.5,3.92,1541.76,1665.71,False,True,True,True,True,True,31.8,35.3,17.1
FSLR,False,176.16,False,True,False,False,False,True,True,False,True,False,True,15.1,4.84,158.54,179.06,True,True,True,True,True,True,14.8,14.2,42.6
FTNT,False,184.13,True,False,True,True,False,True,True,True,False,False,True,2.0,3.38,165.72,178.0,False,True,True,True,True,True,119.5,34.6,33.7
FTV,False,57.38,False,False,True,False,False,True,False,True,True,True,True,1.2,1.97,51.64,56.04,False,False,False,True,True,True,9.5,7.7,10.4
GD,False,331.72,False,True,True,False,False,True,False,False,True,False,True,7.8,1.85,298.55,335.26,True,True,True,True,True,True,16.1,13.3,15.5
GDDY,False,99.74,True,True,True,False,False,True,True,False,True,False,True,12.5,4.57,89.77,96.98,False,True,True,True,True,True,13059.7,23.1,54.1
GE,False,306.34,False,True,True,False,False,True,True,True,True,False,True,7.2,2.68,275.71,316.26,True,True,True,True,True,True,49.3,26.2,44.0
GEHC,False,65.74,False,True,True,False,False,True,True,True,True,True,True,5.6,2.34,59.17,65.8,True,True,False,True,True,True,19.5,9.7,10.0
GEN,False,22.28,False,True,False,False,False,True,False,False,True,False,True,25.7,5.37,20.05,22.85,True,True,True,True,True,True,36.6,16.4,1640.7
GEV,False,990.0,False,True,True,True,False,True,False,True,True,False,True,3.2,3.63,891.0,964.37,False,True,False,True,True,False,40.8,5.6,5.9
GILD,False,144.63,True,True,True,False,False,True,True,False,True,False,True,7.4,2.33,130.17,149.41,True,True,True,True,False,False,71.9,26.1,-158.0
GLW,False,159.37,False,True,True,False,False,True,True,True,True,False,True,4.1,5.0,143.43,157.31,False,True,False,True,True,True,12.7,8.5,15.5
GM,False,80.23,False,True,True,False,False,True,False,False,True,False,True,7.7,3.23,72.21,80.63,True,False,False,True,True,False,4.3,1.6,3.0
GNRC,False,215.2,False,True,True,False,False,True,False,True,True,False,True,3.3,4.47,193.68,207.61,False,False,False,True,True,True,5.5,6.3,17.9
GOOG,False,343.83,False,True,True,False,False,True,True,True,True,False,True,5.8,2.5,309.45,339.88,False,True,True,True,True,True,20.6,16.2,34.0
GOOGL,False,346.47,False,True,True,False,False,True,True,True,True,False,True,6.0,2.53,311.82,343.12,False,True,True,True,True,True,20.6,16.2,34.0
GPC,False,126.24,True,True,True,False,False,True,True,False,True,False,True,4.9,2.35,113.62,127.66,True,False,True,True,True,False,1.5,12.4,4.4
GPN,False,82.18,False,True,True,False,False,True,True,False,True,False,True,10.1,3.25,73.96,83.11,True,False,False,True,True,True,6.1,3.6,42.4
GRMN,False,285.52,True,True,True,False,False,True,False,True,True,False,True,5.4,2.5,256.97,288.17,True,True,True,True,True,True,17.9,19.6,24.6
GWW,False,1286.84,False,False,True,True,False,True,False,True,True,False,True,2.5,2.0,1158.16,1266.08,False,True,True,True,True,True,41.3,33.4,52.6
HAL,False,32.78,False,True,True,False,False,True,True,False,True,False,True,5.9,2.81,29.5,32.37,False,True,True,True,True,True,11.7,11.3,13.1
HAS,False,92.38,True,False,True,True,False,True,True,True,True,False,True,2.2,2.56,83.14,88.56,False,False,False,True,True,True,-10.8,0.3,19.6
HD,False,281.15,False,True,True,False,False,True,True,False,True,False,True,8.7,2.31,253.03,289.63,True,True,True,True,True,True,85.2,28.1,41.2
HII,False,266.48,False,True,True,False,False,True,False,True,True,False,True,5.0,2.8,239.83,266.39,False,True,False,True,True,False,11.9,6.5,6.1
HLT,False,316.12,False,True,True,False,False,True,True,True,True,False,True,3.0,2.0,284.51,315.45,False,False,True,True,True,True,-23.1,22.7,37.5
HON,False,214.14,False,False,True,True,False,True,False,True,True,False,True,1.8,1.98,192.73,212.33,False,True,True,True,True,True,25.5,15.0,23.7
HPE,False,68.36,True,True,True,False,False,True,True,True,False,False,True,4.8,5.36,61.52,64.01,False,False,False,True,True,True,0.2,-0.8,11.4
HPQ,False,31.47,True,True,True,False,False,True,True,False,True,False,True,10.8,4.27,28.32,31.57,True,False,True,True,True,False,-2748.9,27.0,5.7
HRL,False,20.08,False,True,True,False,False,True,False,True,True,False,True,4.2,2.31,18.07,19.98,False,False,False,True,True,False,6.1,6.3,3.7
HSIC,False,84.23,True,True,True,False,False,True,True,False,True,True,True,5.2,2.16,75.81,85.34,True,True,False,True,True,False,12.6,8.3,5.2
HSY,False,161.01,False,True,True,False,False,True,False,False,True,True,True,6.6,2.17,144.91,163.41,True,True,True,True,True,True,19.0,13.6,36.4
HUBB,False,475.52,False,False,True,True,False,True,False,True,True,False,True,1.1,2.71,427.97,463.34,False,True,True,True,True,True,23.5,18.2,17.4
HUM,False,404.07,True,True,True,True,False,True,True,True,True,True,True,6.9,3.48,363.66,385.52,False,False,False,True,True,False,6.4,8.0,4.4
HWM,False,229.57,False,False,True,False,False,True,True,True,True,False,True,2.1,2.96,206.61,229.07,False,True,True,True,True,True,26.3,18.7,20.0
ICE,False,152.15,True,True,True,False,False,True,True,False,True,True,True,6.7,2.25,136.93,153.14,True,True,False,True,True,True,11.2,9.2,89.4
IDXX,False,527.07,False,True,True,False,False,True,True,True,True,True,True,4.4,2.46,474.36,522.41,False,True,True,True,True,True,65.7,63.1,35.0
IEX,False,235.29,True,False,True,True,False,True,False,True,True,False,True,0.9,2.02,211.76,230.16,False,True,True,True,True,True,12.1,11.0,21.7
IFF,False,83.26,True,True,True,False,False,True,False,False,True,False,True,4.9,2.14,74.93,84.63,True,False,False,True,True,True,2.4,-1.8,12.5
INCY,False,114.13,False,True,True,False,False,True,False,False,True,False,True,12.0,2.91,102.72,121.58,True,True,True,True,True,True,22.9,25.9,33.0
INTC,False,116.19,True,True,True,False,False,True,False,False,True,False,True,9.5,5.16,104.57,120.46,True,False,False,True,False,True,-0.3,-1.3,11.1
INTU,False,284.68,False,True,True,False,False,True,False,False,True,False,True,9.6,4.36,256.21,279.37,False,True,True,True,True,True,24.0,22.1,47.0
IP,False,32.05,False,True,True,False,False,True,True,False,True,False,True,14.3,3.67,28.84,33.83,True,False,False,True,False,False,-24.3,8.1,3.9
IQV,False,266.09,True,True,True,False,False,True,True,False,True,False,True,6.8,2.68,239.48,267.72,True,True,True,True,True,True,21.9,10.2,20.9
IR,False,78.55,False,False,True,True,False,True,True,True,True,False,True,2.7,2.68,70.7,75.88,False,False,False,True,True,True,5.7,7.4,58.5
IRM,False,112.33,False,True,True,False,False,True,False,True,True,False,True,5.4,2.78,101.1,112.9,True,False,False,True,True,True,4.2,6.1,29.0
ISRG,False,406.48,True,True,True,False,False,True,True,True,False,False,True,6.6,2.9,365.83,403.84,False,True,True,True,True,True,15.7,15.5,33.6
IT,False,187.76,True,True,True,False,False,True,True,False,True,False,True,9.7,4.44,168.98,184.8,False,False,True,True,True,True,-435.8,29.1,80.3
ITW,False,264.19,False,True,True,False,False,True,False,False,True,False,True,6.5,2.03,237.77,267.63,True,True,True,True,True,True,37.2,40.0,31.7
IVZ,False,30.5,True,True,True,False,False,True,False,False,True,False,True,4.9,2.83,27.45,30.58,True,False,False,True,True,True,4.3,-2.9,27.1
J,False,138.67,True,True,True,False,False,True,False,False,True,False,True,5.6,2.61,124.8,138.46,False,False,True,True,True,False,8.9,11.1,7.3
JBHT,False,229.74,False,True,True,False,False,True,True,False,True,False,True,5.9,3.35,206.77,229.72,False,True,True,True,True,True,16.4,13.3,14.1
JCI,False,156.85,True,False,True,True,False,True,False,True,True,False,True,1.7,2.27,141.17,149.97,False,True,False,True,True,False,24.3,3.2,9.6
JKHY,False,145.12,False,True,True,False,False,True,True,False,True,False,True,8.7,2.92,130.61,146.18,True,True,True,True,True,True,24.5,24.5,40.3
JNJ,False,252.93,True,True,True,False,False,True,True,False,True,False,True,8.3,1.99,227.64,265.21,True,True,True,True,True,True,31.5,14.8,31.6
KDP,False,30.89,False,True,True,False,False,True,True,False,True,False,True,6.0,2.72,27.8,31.09,True,False,False,True,True,False,8.3,5.3,8.6
KEYS,False,384.17,True,False,True,False,False,True,False,True,True,False,True,1.2,2.76,345.75,364.75,False,True,False,True,True,True,12.9,9.4,25.0
KLAC,False,206.85,True,True,True,False,False,True,True,True,True,False,True,4.3,3.68,186.17,194.59,False,True,False,True,True,True,76.1,5.7,25.4
KMB,False,95.41,False,True,True,False,False,True,True,False,True,False,True,6.0,2.21,85.87,97.16,True,True,True,True,True,True,115.5,20.3,15.1
KMI,False,31.41,False,True,True,True,False,True,False,True,True,False,True,3.5,2.31,28.27,30.89,False,False,False,True,True,True,9.7,6.9,30.1
KO,False,86.51,True,True,True,False,False,True,True,False,True,False,True,4.7,1.44,77.86,87.1,True,True,True,True,True,True,39.0,16.8,35.0
KR,False,58.78,False,True,True,False,False,True,False,False,True,True,True,4.4,2.57,52.9,59.02,True,True,False,True,True,False,17.4,6.1,2.8
KVUE,False,17.39,False,True,True,False,False,True,True,False,True,False,True,5.1,1.85,15.65,17.62,True,True,True,True,True,True,13.9,11.6,17.7
LDOS,False,119.45,False,True,True,False,False,True,True,False,True,True,True,9.9,3.03,107.5,122.14,True,True,True,True,True,True,27.4,17.0,11.3
LH,False,308.65,True,True,True,False,False,True,False,False,True,False,True,5.6,2.26,277.78,308.23,False,True,False,True,True,True,10.2,8.4,12.1
LII,False,361.15,False,True,True,False,False,True,True,True,False,False,True,7.2,3.06,325.03,364.71,True,True,True,True,True,True,66.4,34.7,14.4
LIN,False,482.38,False,False,True,True,False,True,False,True,True,False,True,1.4,1.73,434.14,472.4,False,True,True,True,True,True,17.7,12.4,27.5
LMT,False,506.63,False,True,True,False,False,True,False,False,True,False,True,6.8,2.22,455.97,514.74,True,True,True,True,True,True,57.2,20.0,12.4
LNT,False,64.29,False,False,True,False,False,True,False,True,True,False,True,2.6,1.76,57.86,63.84,False,True,False,True,True,True,10.9,4.4,21.0
LOW,False,179.5,False,True,True,False,False,True,False,False,True,False,True,9.3,2.42,161.55,186.71,True,False,True,True,True,True,-89.5,29.2,13.7
LRCX,False,345.8,True,True,True,False,False,True,False,True,True,False,True,3.1,3.92,311.22,324.08,False,True,True,True,True,True,58.3,46.6,310.6
LULU,False,93.14,False,True,True,False,False,True,False,False,True,False,True,12.4,4.26,83.83,98.61,True,True,True,True,True,True,33.0,33.1,18.8
LUV,False,41.85,False,True,True,False,False,True,True,True,False,False,True,3.5,2.93,37.66,41.95,True,False,False,True,True,False,6.2,2.5,5.0
LVS,False,36.61,False,True,True,False,False,True,False,False,True,False,True,12.0,2.77,32.95,38.1,True,True,True,True,True,True,280.0,18.1,19.6
LYB,False,59.22,False,True,True,False,False,True,False,False,True,False,True,5.5,3.25,53.3,58.7,False,True,False,True,True,True,31.8,-1.5,16.8
LYV,False,170.67,False,True,True,False,False,True,False,True,True,True,True,4.0,2.36,153.6,169.94,False,True,True,True,True,False,602.4,11.8,6.8
MA,False,564.59,True,True,True,False,False,True,True,False,True,False,True,3.5,1.71,508.13,559.97,False,True,True,True,True,True,55.5,57.8,60.2
MAR,False,355.89,False,False,True,False,False,True,False,True,False,True,True,2.6,1.98,320.3,354.88,False,False,True,True,True,True,-57.5,20.5,17.4
MAS,False,68.46,False,True,True,False,False,True,False,True,True,False,True,3.9,2.57,61.61,68.35,False,False,True,True,True,True,-334.7,34.9,16.5
MCD,False,233.04,False,True,True,False,False,True,True,False,True,False,True,9.1,1.91,209.74,235.75,True,False,True,True,True,True,-837.0,22.2,47.0
MCHP,False,81.49,False,True,True,True,False,True,False,True,True,False,True,4.0,3.41,73.34,78.06,False,False,False,True,True,True,3.6,3.7,25.5
MCK,False,915.45,True,False,True,True,False,True,False,True,True,False,True,2.5,2.65,823.91,879.92,False,False,True,True,True,False,-112.3,34.6,4.4
MCO,False,448.15,False,True,True,False,False,True,True,False,True,False,True,8.4,2.43,403.33,458.5,True,True,True,True,True,True,81.3,29.6,91.6
MDLZ,False,58.49,False,True,True,False,False,True,True,False,True,False,True,7.8,1.99,52.64,59.54,True,False,False,True,True,False,9.5,7.5,8.0
MDT,False,87.97,True,True,True,False,False,True,True,False,True,False,True,7.8,2.39,79.17,88.09,True,False,False,True,True,True,9.6,7.9,18.1
MELI,False,1860.61,False,True,True,True,True,True,True,False,True,True,True,3.9,3.43,1674.55,1754.07,False,True,True,True,True,False,25.5,21.4,6.7
META,False,741.9,True,True,True,False,False,True,True,False,True,False,True,6.8,3.37,667.71,738.54,False,True,True,True,True,True,23.1,21.2,136.8
MGM,False,30.17,False,True,False,False,False,True,False,False,True,False,True,23.8,3.78,27.15,32.86,True,False,False,True,True,True,8.2,2.7,20.3
MKC,False,45.54,False,True,True,False,False,True,True,False,True,False,True,11.8,3.28,40.99,47.19,True,True,False,True,True,True,11.3,8.8,10.7
MLM,False,485.5,False,True,True,False,False,True,True,True,True,False,True,7.0,2.73,436.95,485.08,False,False,False,True,True,True,9.8,7.3,19.1
MMM,False,163.19,False,True,True,False,False,True,True,False,True,False,True,6.5,2.14,146.87,166.69,True,True,True,True,True,True,110.1,19.7,15.1
MNST,False,43.51,False,True,True,False,False,True,True,True,True,True,True,4.8,2.3,39.16,42.78,False,True,True,True,True,True,20.3,25.0,29.2
MO,False,67.88,False,True,True,False,False,True,True,False,True,True,True,6.4,2.04,61.09,68.27,True,False,True,True,True,True,-260.4,38.7,51.3
MOS,False,21.29,False,True,False,False,False,True,True,False,True,False,True,18.5,4.96,19.16,22.6,True,False,False,True,False,False,4.7,4.0,-1.3
MPC,False,433.47,True,False,True,True,False,True,True,True,True,False,True,2.3,3.6,390.12,401.54,False,True,True,True,True,True,21.2,12.4,34.8
MPWR,False,1479.89,True,False,True,True,False,True,True,True,True,False,True,1.6,3.68,1331.9,1377.41,False,True,True,True,True,True,16.0,17.4,285.5
MRNA,False,203.21,True,True,True,False,True,True,True,False,True,True,True,11.0,6.83,182.89,193.38,False,False,False,True,False,False,-41.7,-36.5,-236.9
MRSH,False,170.43,False,True,True,False,False,True,False,True,True,False,True,4.3,2.01,153.39,170.4,False,False,True,True,True,True,-106.0,16.2,25.6
MRVL,False,271.25,True,True,True,False,False,True,False,True,True,False,True,4.4,4.76,244.12,263.51,False,True,False,True,True,True,14.4,5.3,16.8
MSCI,False,552.35,False,True,True,False,False,True,True,True,True,False,True,5.0,2.27,497.11,546.68,False,False,True,True,True,True,-44.7,42.9,136.2
MSFT,False,525.18,True,False,True,True,False,True,False,True,True,True,True,0.3,2.25,472.66,509.93,False,True,True,True,True,True,30.2,26.3,192.4
MSI,False,455.37,True,True,True,False,False,True,True,False,True,True,True,3.6,1.86,409.83,452.39,False,True,True,True,True,True,80.6,21.9,55.1
MSTR,False,164.43,True,True,True,False,False,True,False,False,True,False,True,6.5,5.54,147.99,159.96,False,False,False,True,False,False,-12.5,-10.5,-6473.6
NCLH,False,14.87,False,False,True,False,False,True,True,True,True,False,True,2.9,3.97,13.38,14.56,False,True,False,True,True,True,16.5,8.8,28.1
NDAQ,False,92.19,False,True,True,False,False,True,True,False,True,False,True,7.3,2.36,82.97,92.87,True,True,True,True,True,True,14.9,10.2,61.9
NDSN,False,334.43,True,False,True,True,False,True,False,True,True,False,True,1.5,1.82,300.99,327.58,False,True,True,True,True,True,14.8,13.6,38.4
NEE,False,76.28,False,True,True,False,False,True,False,False,True,False,True,5.8,1.74,68.65,76.46,True,True,False,True,True,True,12.4,4.2,50.3
NFLX,False,67.5,False,True,True,False,False,True,True,False,True,False,True,9.9,2.82,60.75,69.79,True,True,True,True,True,True,36.4,28.8,33.4
NI,False,39.55,False,True,True,False,False,True,False,True,True,False,True,3.7,1.7,35.59,39.36,False,False,False,True,True,True,9.7,5.5,21.2
NOC,False,476.11,False,True,True,False,False,True,True,False,True,False,True,10.4,2.42,428.5,497.38,True,True,True,True,True,True,23.4,12.1,10.1
NOW,False,136.08,True,True,True,False,False,True,False,False,True,False,True,5.6,4.32,122.47,135.48,False,True,False,True,True,True,14.0,9.3,25.7
NRG,False,96.8,False,True,True,False,False,True,False,False,True,False,True,9.5,4.19,87.12,98.05,True,True,False,True,True,True,17.8,6.2,13.0
NSC,False,316.23,False,False,True,False,False,True,False,True,True,False,True,1.4,1.71,284.61,313.42,False,True,True,True,True,True,17.7,10.4,41.4
NTAP,False,223.77,True,True,True,False,False,True,False,True,True,False,True,5.9,3.86,201.39,207.64,False,True,True,True,True,True,85.4,26.2,26.6
NVDA,False,238.9,True,False,True,True,False,True,True,True,True,False,True,1.1,2.48,215.01,229.22,False,True,True,True,True,True,52.4,47.0,66.2
NXPI,False,241.97,False,True,True,False,False,True,False,True,False,False,True,3.9,2.99,217.77,237.64,False,True,True,True,True,True,18.5,13.0,47.3
ODFL,False,179.37,False,True,True,False,False,True,False,True,True,False,True,3.7,2.92,161.43,176.94,False,True,True,True,True,True,22.5,26.2,29.9
OKE,False,88.58,False,True,True,False,False,True,False,False,True,False,True,6.5,2.77,79.72,88.48,False,True,False,True,True,True,14.8,9.4,42.7
OMC,False,75.25,False,True,True,False,False,True,True,False,True,False,True,4.1,2.72,67.73,74.86,False,False,False,True,True,True,-0.6,1.8,10.4
ON,False,85.93,False,False,True,True,False,True,True,True,False,False,True,2.9,4.11,77.34,77.74,False,False,False,True,True,True,1.7,0.7,18.8
ORCL,False,142.48,False,True,True,False,False,True,False,False,True,False,True,7.3,4.7,128.23,140.09,False,True,False,True,True,True,25.6,8.1,68.9
ORLY,False,83.9,False,True,True,False,False,True,False,True,True,True,True,5.1,2.14,75.51,85.59,True,False,True,True,True,True,-138.3,44.3,20.2
OTIS,False,65.88,False,True,True,False,False,True,True,False,True,False,True,7.6,2.44,59.29,65.97,True,False,True,True,True,True,-24.1,72.8,19.4
PAYX,False,99.78,False,True,False,False,False,True,True,False,True,False,True,15.3,2.93,89.8,101.86,True,True,True,True,True,True,47.5,26.9,38.0
PCG,False,12.35,False,True,True,False,False,True,False,True,True,False,True,8.8,4.2,11.12,12.32,False,False,False,True,False,True,3.6,3.6,21.4
PEG,False,68.68,False,True,True,False,False,True,True,True,True,False,True,3.7,1.7,61.81,67.64,False,True,False,True,True,True,16.1,5.6,18.1
PEP,False,125.65,False,True,True,False,False,True,False,False,True,True,True,5.5,1.75,113.09,127.92,True,True,True,True,True,True,37.3,14.9,16.6
PG,False,145.94,False,True,True,False,False,True,True,False,True,False,True,3.4,1.59,131.35,146.49,True,True,True,True,True,True,29.5,22.5,21.5
PKG,False,229.31,False,True,True,False,False,True,False,False,True,False,True,7.3,2.27,206.38,233.91,True,True,True,True,True,True,16.6,11.2,11.7
PLTR,False,189.4,True,True,True,False,False,True,False,False,True,False,True,3.7,3.27,170.46,188.87,False,True,True,True,True,True,16.6,13.9,47.1
PM,False,189.53,True,True,True,False,False,True,True,False,True,True,True,5.7,2.39,170.58,190.67,True,False,True,True,True,True,-132.2,35.7,40.5
PNR,False,52.78,False,True,True,False,False,True,False,True,True,False,True,9.2,2.76,47.5,53.56,True,True,True,True,True,True,14.4,14.0,20.8
PNW,False,95.96,False,False,True,True,False,True,False,True,True,False,True,1.0,1.82,86.36,93.23,False,False,False,True,True,True,5.0,3.7,21.0
PODD,False,135.62,False,True,True,False,False,True,True,False,True,False,True,7.6,3.4,122.06,134.23,False,True,True,True,True,True,17.4,19.6,16.2
POOL,False,159.35,False,True,True,False,False,True,True,True,True,True,True,8.1,2.98,143.42,163.1,True,True,True,True,True,False,35.9,21.1,7.3
PPG,False,105.27,False,True,True,False,False,True,False,True,True,True,True,3.7,2.29,94.74,106.13,True,True,True,True,True,True,19.4,15.6,15.4
PPL,False,32.95,False,False,True,True,False,True,False,True,True,False,True,2.3,1.63,29.66,32.52,False,False,False,True,True,True,8.5,5.1,26.9
PSKY,False,9.78,False,True,False,False,False,True,True,False,True,False,True,20.3,5.77,8.8,9.94,True,False,False,True,True,False,-5.0,-0.3,6.9
PTC,False,192.26,True,False,True,True,True,False,True,True,True,True,True,-28.5,4.36,173.03,145.62,False,True,True,True,True,True,21.2,19.0,27.7
PYPL,False,54.41,True,True,True,False,False,True,True,True,True,False,True,5.6,2.94,48.97,53.4,False,True,True,True,True,True,26.1,18.4,17.8
QCOM,False,180.79,False,True,True,False,False,True,True,False,True,False,True,12.4,4.49,162.71,189.51,True,True,True,True,True,True,112.9,26.9,16.3
RCL,False,275.03,False,True,True,False,False,True,True,True,True,False,True,3.5,3.67,247.53,253.87,False,True,True,True,True,True,41.7,14.9,64.5
REGN,False,726.47,True,True,True,False,False,True,True,False,True,False,True,11.2,2.91,653.82,764.73,True,True,False,True,True,True,14.2,9.9,85.6
RL,False,365.54,False,False,True,True,False,True,False,True,True,False,True,1.8,2.71,328.99,355.22,False,True,True,True,True,True,34.6,20.4,17.5
RMD,False,222.86,True,True,True,True,False,True,True,False,True,False,True,4.2,2.42,200.57,221.71,False,True,True,True,True,True,23.1,24.9,65.0
ROL,False,29.69,False,True,True,False,False,True,False,False,True,False,True,11.5,3.09,26.72,30.74,True,True,True,True,True,True,36.8,30.0,31.6
ROP,False,363.38,False,True,True,False,False,True,True,False,True,False,True,5.4,2.72,327.04,358.59,False,False,False,True,True,True,8.2,7.1,27.7
ROST,False,226.37,False,True,True,False,False,True,False,False,True,False,True,6.2,2.28,203.73,233.19,True,True,True,True,True,True,31.8,24.4,17.6
RSG,False,212.83,False,True,True,False,False,True,True,False,True,False,True,4.0,1.72,191.55,211.59,False,True,True,True,True,True,17.8,10.6,17.8
RTX,False,184.33,False,True,True,False,False,True,False,False,True,False,True,6.4,1.92,165.9,187.55,True,True,False,True,True,True,10.1,8.4,14.0
SBAC,False,161.82,False,True,True,False,False,True,True,False,True,False,True,13.5,3.04,145.64,164.33,True,False,True,True,True,True,-22.8,18.1,49.2
SBUX,False,94.43,False,False,True,False,False,True,False,True,True,True,True,3.0,2.11,84.99,94.64,True,False,True,True,True,True,-24.2,16.0,10.5
SHOP,False,160.11,True,False,True,True,True,True,True,True,True,True,True,0.9,4.25,144.1,147.86,False,False,True,True,True,True,9.7,11.3,13.6
SHW,False,318.46,False,True,True,False,False,True,False,True,True,False,True,6.2,2.47,286.61,324.96,True,True,True,True,True,True,66.6,24.0,27.1
SJM,False,116.23,True,True,True,False,False,True,False,False,True,False,True,7.0,2.46,104.61,119.58,True,False,False,True,True,True,-2.4,2.6,23.1
SLB,False,50.28,False,True,True,False,False,True,True,False,True,False,True,8.3,3.32,45.25,50.47,True,True,True,True,True,True,12.9,15.7,21.1
SMCI,False,43.19,True,True,True,False,False,True,False,True,True,False,True,4.0,5.13,38.87,42.04,False,True,True,True,True,True,15.4,12.2,101.8
SNA,False,367.4,False,True,True,False,False,True,False,True,True,False,True,3.8,1.66,330.66,368.26,True,True,True,True,True,True,16.8,18.1,25.2
SNDK,False,1704.16,True,True,True,False,False,True,False,False,True,False,True,12.0,5.73,1533.74,1762.94,True,True,True,True,True,True,72.7,73.2,69.1
SNPS,False,488.47,True,True,True,False,False,True,False,True,True,False,True,3.6,4.0,439.62,440.95,False,False,False,True,True,True,4.3,2.1,45.8
SO,False,83.79,False,True,True,False,False,True,False,True,True,False,True,3.5,1.55,75.41,83.41,False,True,False,True,True,True,12.1,5.1,24.0
SOLV,False,88.03,True,True,True,False,False,True,False,False,True,False,True,3.5,2.14,79.23,88.59,True,True,True,True,True,False,32.4,20.6,8.2
SPGI,False,390.92,False,True,True,False,False,True,True,False,True,False,True,6.6,2.41,351.83,396.37,True,True,True,True,True,True,14.3,12.6,127.8
STE,False,211.07,False,False,True,True,False,True,False,True,True,False,True,2.2,2.04,189.96,209.71,False,True,True,True,True,True,10.9,11.7,19.1
STLD,False,241.04,False,False,True,True,False,True,False,True,True,True,True,2.0,3.35,216.94,231.02,False,True,False,True,True,True,12.6,10.0,15.3
STZ,False,113.31,False,True,True,False,False,True,False,False,True,True,True,8.1,2.44,101.98,113.99,True,True,True,True,True,True,20.4,14.5,34.7
SW,False,42.41,False,True,True,False,False,True,False,False,True,False,True,11.8,3.27,38.17,44.69,True,False,False,True,True,False,3.9,4.6,3.8
SWK,False,89.68,True,True,True,False,False,True,True,True,True,False,True,3.9,3.03,80.71,90.22,True,False,True,True,True,True,4.5,13.9,10.0
SWKS,False,83.91,True,True,True,False,False,True,True,False,True,True,True,12.9,5.29,75.52,87.18,True,False,False,True,True,False,8.3,7.6,5.2
SYK,False,285.22,False,False,True,True,False,True,True,True,True,True,True,1.8,2.83,256.7,275.37,False,True,True,True,True,True,27.7,11.9,25.2
SYY,False,76.38,False,True,True,False,False,True,True,False,True,True,True,4.0,1.98,68.74,77.91,True,True,True,True,True,False,65.9,17.3,3.0
T,False,24.24,True,True,True,False,False,True,False,False,True,False,True,7.0,2.08,21.82,24.78,True,True,False,True,True,True,17.4,6.4,22.3
TAP,False,36.52,False,True,True,False,False,True,True,True,True,False,True,6.4,2.76,32.87,36.5,False,False,False,True,True,True,-21.1,-12.2,14.7
TDG,False,1092.66,False,True,True,False,False,True,False,True,True,False,True,4.4,2.32,983.39,1101.11,True,False,True,True,True,True,-21.1,17.2,44.8
TECH,False,72.58,True,False,True,False,False,True,True,False,True,False,True,0.4,0.27,65.32,72.5,False,False,True,True,True,True,3.5,10.4,24.2
TEL,False,218.93,True,False,True,False,False,True,False,True,True,False,True,1.9,2.62,197.04,215.56,False,True,True,True,True,True,14.8,15.0,19.0
TER,False,444.53,True,True,True,False,False,True,True,True,True,False,True,3.6,4.49,400.08,408.85,False,True,True,True,True,True,16.1,17.1,32.9
TGT,False,152.99,True,True,True,False,False,True,True,False,True,False,True,6.3,2.53,137.69,156.61,True,True,True,True,True,True,20.8,12.8,14.8
TJX,False,134.41,False,False,True,True,False,True,False,True,True,True,True,1.0,2.16,120.97,132.11,False,True,True,True,True,True,51.6,20.1,16.5
TKO,False,177.04,False,True,True,False,False,True,False,False,True,True,True,11.5,3.25,159.34,181.32,True,False,False,True,True,True,5.8,6.1,27.8
TMO,False,676.76,True,True,True,False,False,True,True,False,True,False,True,5.2,2.44,609.08,669.45,False,True,False,True,True,True,12.7,7.9,35.7
TMUS,False,164.64,False,True,True,False,False,True,True,False,True,False,True,3.4,2.6,148.18,164.14,False,True,False,True,True,True,19.5,9.6,51.9
TPL,False,344.67,False,True,True,False,False,True,False,False,True,False,True,8.3,3.8,310.2,338.43,False,True,True,True,True,True,28.8,33.5,78.0
TPR,False,116.95,False,False,True,False,False,True,False,True,True,False,True,2.7,2.95,105.25,114.6,False,True,True,True,True,True,220.7,37.9,31.0
TRGP,False,287.4,True,True,True,True,False,True,True,False,True,False,True,4.6,2.66,258.66,279.58,False,True,True,True,True,True,52.6,13.3,27.8
TRMB,False,58.81,True,True,True,False,False,True,False,False,True,True,True,3.6,2.64,52.93,58.0,False,False,False,True,False,True,8.3,8.3,14.6
TSCO,False,31.42,False,True,True,False,False,True,True,False,True,False,True,8.2,3.18,28.28,31.8,True,True,True,True,True,True,41.7,16.4,10.3
TSLA,False,378.73,False,True,True,False,False,True,True,False,True,False,True,5.7,3.37,340.86,367.76,False,False,False,True,True,False,4.4,3.9,1.4
TSN,False,51.71,False,False,True,False,False,True,False,True,True,False,True,2.8,2.14,46.54,51.18,False,False,False,True,True,False,2.6,3.8,2.6
TT,False,470.76,True,False,True,True,False,True,True,True,True,False,True,1.4,2.33,423.68,452.11,False,True,True,True,True,True,33.8,25.5,32.0
TTD,False,11.98,False,True,False,False,False,True,False,False,True,False,True,17.5,4.62,10.78,12.37,True,True,True,True,True,True,17.2,19.8,14.2
TTWO,False,203.46,False,True,True,False,False,True,False,True,True,True,True,4.8,3.09,183.11,203.87,True,False,False,True,False,False,-8.3,-1.7,-2.3
TXN,False,294.9,True,False,True,True,False,True,True,True,False,False,True,2.8,2.72,265.41,280.28,False,True,True,True,True,True,27.8,18.5,42.3
TYL,False,328.32,True,True,True,False,False,True,True,False,True,True,True,5.6,3.65,295.49,325.62,False,True,False,True,True,True,10.4,7.7,70.5
UAL,False,110.0,False,True,True,False,False,True,True,True,False,False,True,7.4,3.52,99.0,112.05,True,True,False,True,True,True,20.1,8.3,10.2
UBER,False,69.48,False,True,True,False,False,True,True,False,True,False,True,4.9,2.66,62.53,68.97,False,True,True,True,True,True,36.8,10.9,13.3
UHS,False,176.05,True,True,True,False,False,True,False,False,True,False,True,5.7,2.82,158.45,177.08,True,True,True,True,True,True,19.8,15.8,11.1
ULTA,False,542.72,True,True,True,False,False,True,False,False,True,False,True,4.3,2.77,488.45,545.9,True,True,True,True,True,True,43.6,32.7,12.5
UNH,False,378.58,False,True,True,True,False,True,True,True,True,True,True,3.5,2.32,340.72,373.14,False,True,False,True,True,False,36.5,9.6,7.1
UNP,False,277.06,False,False,True,False,False,True,False,True,True,False,True,1.7,1.79,249.35,274.59,False,True,True,True,True,True,34.5,15.0,49.6
UPS,False,93.14,False,True,True,False,False,True,False,False,True,False,True,7.3,2.2,83.83,93.94,True,True,True,True,True,False,37.0,14.0,4.0
URI,False,1074.28,True,False,True,False,False,True,False,True,True,False,True,1.3,3.06,966.85,1039.24,False,True,True,True,True,True,27.8,15.4,21.8
V,False,369.71,True,True,True,True,False,True,True,False,True,False,True,3.5,1.66,332.74,364.21,False,True,True,True,True,True,75.9,36.4,123.9
VEEV,False,283.45,True,True,True,False,False,True,True,False,True,False,True,6.0,3.27,255.11,276.99,False,True,True,True,True,True,12.2,12.1,77.8
VLO,False,419.33,True,True,True,True,False,True,True,True,True,False,True,3.5,3.81,377.4,392.2,False,False,False,True,True,True,9.4,6.9,11.7
VLTO,False,96.57,True,True,True,False,False,True,True,False,True,True,True,3.9,1.84,86.91,95.8,False,True,True,True,True,True,31.3,22.5,23.8
VMC,False,245.57,False,True,True,False,False,True,True,True,True,False,True,5.7,2.74,221.01,244.51,False,True,True,True,True,True,12.7,10.3,12.1
VRSK,False,163.28,False,True,True,False,False,True,False,False,True,True,True,7.8,3.21,146.95,167.87,True,False,True,True,True,True,-77.8,39.3,58.8
VRSN,False,292.26,True,True,True,False,False,True,False,False,True,False,True,7.4,2.52,263.03,288.32,False,False,False,True,True,True,-14.2,-1164.1,68.2
VRTX,False,503.5,True,True,True,False,False,True,False,False,True,False,True,6.4,2.35,453.15,517.21,True,True,True,True,True,True,19.5,17.8,194.6
VST,False,144.89,False,False,True,True,False,True,False,True,True,False,True,1.8,3.51,130.4,139.66,False,True,False,True,True,True,17.2,5.9,13.8
VTRS,False,17.62,True,True,True,False,False,True,True,True,False,False,True,5.3,2.56,15.86,17.63,True,False,False,True,False,False,-0.0,-9.3,0.2
VZ,False,45.85,False,True,True,False,False,True,False,False,True,False,True,6.0,1.93,41.26,46.36,True,True,False,True,True,True,16.3,8.4,21.0
WAB,False,291.86,True,False,True,False,False,True,True,True,True,False,True,2.6,2.08,262.67,289.82,False,True,True,True,True,True,10.4,10.1,94.0
WAT,False,440.12,True,True,True,False,False,True,True,True,True,True,True,5.6,2.74,396.11,432.66,False,False,False,True,False,False,4.2,3.6,-5.2
WBD,False,30.95,True,False,True,True,False,True,False,True,True,True,True,0.1,1.01,27.86,30.88,False,False,False,True,True,False,2.2,0.9,2.4
WDAY,False,188.96,True,True,True,False,False,True,True,False,True,True,True,7.3,4.06,170.06,189.11,True,True,False,True,True,True,10.7,7.8,50.6
WDC,False,441.64,False,True,True,False,True,True,False,True,True,False,True,9.7,6.62,397.48,452.61,True,True,True,True,True,True,106.3,46.3,35.7
WEC,False,101.3,False,False,True,False,False,True,False,True,True,False,True,2.8,1.65,91.17,101.58,True,False,False,True,True,True,6.7,4.7,21.0
WM,False,206.66,False,True,True,False,False,True,True,False,True,False,True,3.7,1.69,185.99,206.08,False,True,True,True,True,True,27.3,10.6,35.7
WMB,False,70.81,False,True,True,False,False,True,False,False,True,False,True,3.3,2.5,63.73,69.81,False,True,False,True,True,True,19.8,7.8,38.7
WMT,False,105.07,False,True,True,False,False,True,True,False,True,False,True,7.0,2.04,94.56,106.93,True,True,True,True,True,False,22.3,16.7,5.0
WSM,False,238.7,True,False,True,True,False,True,True,True,True,False,True,2.6,2.92,214.83,231.44,False,True,True,True,True,True,50.8,39.2,22.9
WST,False,376.76,True,True,True,True,False,True,True,True,True,True,True,5.1,2.27,339.08,372.08,False,True,True,True,True,True,16.5,17.0,25.8
WTW,False,288.11,False,True,True,False,False,True,False,False,True,True,True,9.0,2.36,259.3,292.56,True,True,True,True,True,True,20.9,14.6,14.8
WY,False,18.49,False,True,False,False,False,True,False,False,True,False,True,15.7,2.9,16.64,19.67,True,False,False,True,True,True,3.4,4.7,11.9
WYNN,False,77.17,False,True,True,False,False,True,False,False,True,False,True,11.1,3.45,69.45,79.38,True,False,True,True,True,True,-193.2,10.9,17.4
XEL,False,71.49,False,False,True,False,False,True,False,True,True,False,True,2.5,1.83,64.34,70.61,False,False,False,True,True,True,8.4,3.3,23.4
XYL,False,102.42,False,True,True,False,False,True,False,False,True,False,True,7.8,2.44,92.18,103.0,True,False,False,True,True,True,9.2,8.4,16.7
XYZ,False,76.23,False,True,True,False,False,True,True,False,True,False,True,7.3,3.08,68.61,75.09,False,False,False,True,True,False,5.9,6.0,6.8
YUM,False,136.97,False,True,True,False,False,True,False,True,True,True,True,4.2,2.35,123.27,137.84,True,False,True,True,True,True,-21.9,58.6,30.2
ZBH,False,91.57,False,True,True,False,False,True,True,False,True,False,True,7.8,2.87,82.41,90.53,False,False,False,True,True,True,5.6,5.6,15.0
ZBRA,False,375.66,True,True,True,False,False,True,False,True,True,False,True,3.2,2.77,338.09,371.59,False,True,True,True,True,True,12.2,15.1,20.6
